{
   "performance": {
      "accuracy": 0.974025974025974,
      "precision": 0.974025974025974,
      "recall": 0.974025974025974,
      "f1_score": 0.974025974025974
   },
   "tuning": {
      "param_space": {
         "C": [
            0.1,
            1.0,
            10.0,
            100.0,
            1000.0
         ],
         "gamma": [
            0.0001,
            0.001,
            0.01,
            0.1,
            1.0,
            10.0
         ]
      },
      "best_params": {
         "C": 10.0,
         "gamma": 1.0
      }
   }
}