{
   "performance": {
      "accuracy": 0.9436448028505791,
      "precision": 0.9439611768532019,
      "recall": 0.943563358247676,
      "f1_score": 0.9435974352163928
   },
   "tuning": {
      "param_space": {
         "n_neighbors": [
            1,
            2,
            3,
            4,
            5,
            6,
            7,
            8,
            9,
            10,
            11,
            12,
            13,
            14,
            15,
            16,
            17,
            18,
            19,
            20,
            21,
            22,
            23,
            24,
            25,
            26,
            27,
            28,
            29,
            30,
            31,
            32,
            33,
            34,
            35,
            36,
            37,
            38,
            39,
            40,
            41,
            42,
            43,
            44,
            45,
            46,
            47,
            48,
            49,
            50
         ],
         "weights": [
            "distance",
            "uniform"
         ],
         "p": [
            2
         ]
      },
      "best_params": {
         "n_neighbors": 19,
         "p": 2,
         "weights": "distance"
      }
   }
}